{
  "generated_at": "auto",
  "skus": [
    {
      "sku_id": "SMSSTD-001",
      "name": "SMS Standard Tier 1",
      "category": "Messaging",
      "theme": "SMS Standard",
      "unit": "message",
      "rack_rate": 0.0072,
      "contract_rate": 0.004752,
      "discount_rate": 0.32,
      "price_after_discount": 0.004896,
      "ladder": {
        "tier_a": 0.32,
        "tier_b": 0.37,
        "tier_c": 0.41
      },
      "locked": false,
      "notes": "SMS Standard negotiated unit for portfolio ladder at 32% discount."
    },
    {
      "sku_id": "SMSSTD-002",
      "name": "SMS Standard Tier 2",
      "category": "Messaging",
      "theme": "SMS Standard",
      "unit": "message",
      "rack_rate": 0.00725,
      "contract_rate": 0.004785,
      "discount_rate": 0.32,
      "price_after_discount": 0.00493,
      "ladder": {
        "tier_a": 0.32,
        "tier_b": 0.37,
        "tier_c": 0.41
      },
      "locked": false,
      "notes": "SMS Standard negotiated unit for portfolio ladder at 32% discount."
    },
    {
      "sku_id": "SMSSTD-003",
      "name": "SMS Standard Tier 3",
      "category": "Messaging",
      "theme": "SMS Standard",
      "unit": "message",
      "rack_rate": 0.0073,
      "contract_rate": 0.004818,
      "discount_rate": 0.32,
      "price_after_discount": 0.004964,
      "ladder": {
        "tier_a": 0.32,
        "tier_b": 0.37,
        "tier_c": 0.41
      },
      "locked": false,
      "notes": "SMS Standard negotiated unit for portfolio ladder at 32% discount."
    },
    {
      "sku_id": "SMSSTD-004",
      "name": "SMS Standard Tier 4",
      "category": "Messaging",
      "theme": "SMS Standard",
      "unit": "message",
      "rack_rate": 0.00735,
      "contract_rate": 0.004851,
      "discount_rate": 0.32,
      "price_after_discount": 0.004998,
      "ladder": {
        "tier_a": 0.32,
        "tier_b": 0.37,
        "tier_c": 0.41
      },
      "locked": false,
      "notes": "SMS Standard negotiated unit for portfolio ladder at 32% discount."
    },
    {
      "sku_id": "SMSSTD-005",
      "name": "SMS Standard Tier 5",
      "category": "Messaging",
      "theme": "SMS Standard",
      "unit": "message",
      "rack_rate": 0.0074,
      "contract_rate": 0.004884,
      "discount_rate": 0.32,
      "price_after_discount": 0.005032,
      "ladder": {
        "tier_a": 0.32,
        "tier_b": 0.37,
        "tier_c": 0.41
      },
      "locked": true,
      "notes": "SMS Standard negotiated unit for portfolio ladder at 32% discount."
    },
    {
      "sku_id": "SMSSTD-006",
      "name": "SMS Standard Tier 6",
      "category": "Messaging",
      "theme": "SMS Standard",
      "unit": "message",
      "rack_rate": 0.00745,
      "contract_rate": 0.004917,
      "discount_rate": 0.32,
      "price_after_discount": 0.005066,
      "ladder": {
        "tier_a": 0.32,
        "tier_b": 0.37,
        "tier_c": 0.41
      },
      "locked": false,
      "notes": "SMS Standard negotiated unit for portfolio ladder at 32% discount."
    },
    {
      "sku_id": "SMSSTD-007",
      "name": "SMS Standard Tier 7",
      "category": "Messaging",
      "theme": "SMS Standard",
      "unit": "message",
      "rack_rate": 0.0075,
      "contract_rate": 0.00495,
      "discount_rate": 0.32,
      "price_after_discount": 0.0051,
      "ladder": {
        "tier_a": 0.32,
        "tier_b": 0.37,
        "tier_c": 0.41
      },
      "locked": false,
      "notes": "SMS Standard negotiated unit for portfolio ladder at 32% discount."
    },
    {
      "sku_id": "SMSSTD-008",
      "name": "SMS Standard Tier 8",
      "category": "Messaging",
      "theme": "SMS Standard",
      "unit": "message",
      "rack_rate": 0.00755,
      "contract_rate": 0.004983,
      "discount_rate": 0.32,
      "price_after_discount": 0.005134,
      "ladder": {
        "tier_a": 0.32,
        "tier_b": 0.37,
        "tier_c": 0.41
      },
      "locked": false,
      "notes": "SMS Standard negotiated unit for portfolio ladder at 32% discount."
    },
    {
      "sku_id": "SMSSTD-009",
      "name": "SMS Standard Tier 9",
      "category": "Messaging",
      "theme": "SMS Standard",
      "unit": "message",
      "rack_rate": 0.0076,
      "contract_rate": 0.005016,
      "discount_rate": 0.32,
      "price_after_discount": 0.005168,
      "ladder": {
        "tier_a": 0.32,
        "tier_b": 0.37,
        "tier_c": 0.41
      },
      "locked": false,
      "notes": "SMS Standard negotiated unit for portfolio ladder at 32% discount."
    },
    {
      "sku_id": "SMSSTD-010",
      "name": "SMS Standard Tier 10",
      "category": "Messaging",
      "theme": "SMS Standard",
      "unit": "message",
      "rack_rate": 0.00765,
      "contract_rate": 0.005049,
      "discount_rate": 0.32,
      "price_after_discount": 0.005202,
      "ladder": {
        "tier_a": 0.32,
        "tier_b": 0.37,
        "tier_c": 0.41
      },
      "locked": true,
      "notes": "SMS Standard negotiated unit for portfolio ladder at 32% discount."
    },
    {
      "sku_id": "SMSTF-011",
      "name": "SMS Toll-Free Tier 1",
      "category": "Messaging",
      "theme": "SMS Toll-Free",
      "unit": "message",
      "rack_rate": 0.0089,
      "contract_rate": 0.005696,
      "discount_rate": 0.33,
      "price_after_discount": 0.005963,
      "ladder": {
        "tier_a": 0.33,
        "tier_b": 0.38,
        "tier_c": 0.42
      },
      "locked": false,
      "notes": "SMS Toll-Free negotiated unit for portfolio ladder at 33% discount."
    },
    {
      "sku_id": "SMSTF-012",
      "name": "SMS Toll-Free Tier 2",
      "category": "Messaging",
      "theme": "SMS Toll-Free",
      "unit": "message",
      "rack_rate": 0.00894,
      "contract_rate": 0.005722,
      "discount_rate": 0.33,
      "price_after_discount": 0.00599,
      "ladder": {
        "tier_a": 0.33,
        "tier_b": 0.38,
        "tier_c": 0.42
      },
      "locked": false,
      "notes": "SMS Toll-Free negotiated unit for portfolio ladder at 33% discount."
    },
    {
      "sku_id": "SMSTF-013",
      "name": "SMS Toll-Free Tier 3",
      "category": "Messaging",
      "theme": "SMS Toll-Free",
      "unit": "message",
      "rack_rate": 0.00898,
      "contract_rate": 0.005747,
      "discount_rate": 0.33,
      "price_after_discount": 0.006017,
      "ladder": {
        "tier_a": 0.33,
        "tier_b": 0.38,
        "tier_c": 0.42
      },
      "locked": false,
      "notes": "SMS Toll-Free negotiated unit for portfolio ladder at 33% discount."
    },
    {
      "sku_id": "SMSTF-014",
      "name": "SMS Toll-Free Tier 4",
      "category": "Messaging",
      "theme": "SMS Toll-Free",
      "unit": "message",
      "rack_rate": 0.00902,
      "contract_rate": 0.005773,
      "discount_rate": 0.33,
      "price_after_discount": 0.006043,
      "ladder": {
        "tier_a": 0.33,
        "tier_b": 0.38,
        "tier_c": 0.42
      },
      "locked": false,
      "notes": "SMS Toll-Free negotiated unit for portfolio ladder at 33% discount."
    },
    {
      "sku_id": "SMSTF-015",
      "name": "SMS Toll-Free Tier 5",
      "category": "Messaging",
      "theme": "SMS Toll-Free",
      "unit": "message",
      "rack_rate": 0.00906,
      "contract_rate": 0.005798,
      "discount_rate": 0.33,
      "price_after_discount": 0.00607,
      "ladder": {
        "tier_a": 0.33,
        "tier_b": 0.38,
        "tier_c": 0.42
      },
      "locked": true,
      "notes": "SMS Toll-Free negotiated unit for portfolio ladder at 33% discount."
    },
    {
      "sku_id": "SMSTF-016",
      "name": "SMS Toll-Free Tier 6",
      "category": "Messaging",
      "theme": "SMS Toll-Free",
      "unit": "message",
      "rack_rate": 0.0091,
      "contract_rate": 0.005824,
      "discount_rate": 0.33,
      "price_after_discount": 0.006097,
      "ladder": {
        "tier_a": 0.33,
        "tier_b": 0.38,
        "tier_c": 0.42
      },
      "locked": false,
      "notes": "SMS Toll-Free negotiated unit for portfolio ladder at 33% discount."
    },
    {
      "sku_id": "SMSTF-017",
      "name": "SMS Toll-Free Tier 7",
      "category": "Messaging",
      "theme": "SMS Toll-Free",
      "unit": "message",
      "rack_rate": 0.00914,
      "contract_rate": 0.00585,
      "discount_rate": 0.33,
      "price_after_discount": 0.006124,
      "ladder": {
        "tier_a": 0.33,
        "tier_b": 0.38,
        "tier_c": 0.42
      },
      "locked": false,
      "notes": "SMS Toll-Free negotiated unit for portfolio ladder at 33% discount."
    },
    {
      "sku_id": "SMSTF-018",
      "name": "SMS Toll-Free Tier 8",
      "category": "Messaging",
      "theme": "SMS Toll-Free",
      "unit": "message",
      "rack_rate": 0.00918,
      "contract_rate": 0.005875,
      "discount_rate": 0.33,
      "price_after_discount": 0.006151,
      "ladder": {
        "tier_a": 0.33,
        "tier_b": 0.38,
        "tier_c": 0.42
      },
      "locked": false,
      "notes": "SMS Toll-Free negotiated unit for portfolio ladder at 33% discount."
    },
    {
      "sku_id": "SMSTF-019",
      "name": "SMS Toll-Free Tier 9",
      "category": "Messaging",
      "theme": "SMS Toll-Free",
      "unit": "message",
      "rack_rate": 0.00922,
      "contract_rate": 0.005901,
      "discount_rate": 0.33,
      "price_after_discount": 0.006177,
      "ladder": {
        "tier_a": 0.33,
        "tier_b": 0.38,
        "tier_c": 0.42
      },
      "locked": false,
      "notes": "SMS Toll-Free negotiated unit for portfolio ladder at 33% discount."
    },
    {
      "sku_id": "SMSTF-020",
      "name": "SMS Toll-Free Tier 10",
      "category": "Messaging",
      "theme": "SMS Toll-Free",
      "unit": "message",
      "rack_rate": 0.00926,
      "contract_rate": 0.005926,
      "discount_rate": 0.33,
      "price_after_discount": 0.006204,
      "ladder": {
        "tier_a": 0.33,
        "tier_b": 0.38,
        "tier_c": 0.42
      },
      "locked": true,
      "notes": "SMS Toll-Free negotiated unit for portfolio ladder at 33% discount."
    },
    {
      "sku_id": "SMSSC-021",
      "name": "SMS Short Code Tier 1",
      "category": "Messaging",
      "theme": "SMS Short Code",
      "unit": "message",
      "rack_rate": 0.0095,
      "contract_rate": 0.0057,
      "discount_rate": 0.35,
      "price_after_discount": 0.006175,
      "ladder": {
        "tier_a": 0.35,
        "tier_b": 0.4,
        "tier_c": 0.44
      },
      "locked": false,
      "notes": "SMS Short Code negotiated unit for portfolio ladder at 35% discount."
    },
    {
      "sku_id": "SMSSC-022",
      "name": "SMS Short Code Tier 2",
      "category": "Messaging",
      "theme": "SMS Short Code",
      "unit": "message",
      "rack_rate": 0.00958,
      "contract_rate": 0.005748,
      "discount_rate": 0.35,
      "price_after_discount": 0.006227,
      "ladder": {
        "tier_a": 0.35,
        "tier_b": 0.4,
        "tier_c": 0.44
      },
      "locked": false,
      "notes": "SMS Short Code negotiated unit for portfolio ladder at 35% discount."
    },
    {
      "sku_id": "SMSSC-023",
      "name": "SMS Short Code Tier 3",
      "category": "Messaging",
      "theme": "SMS Short Code",
      "unit": "message",
      "rack_rate": 0.00966,
      "contract_rate": 0.005796,
      "discount_rate": 0.35,
      "price_after_discount": 0.006279,
      "ladder": {
        "tier_a": 0.35,
        "tier_b": 0.4,
        "tier_c": 0.44
      },
      "locked": false,
      "notes": "SMS Short Code negotiated unit for portfolio ladder at 35% discount."
    },
    {
      "sku_id": "SMSSC-024",
      "name": "SMS Short Code Tier 4",
      "category": "Messaging",
      "theme": "SMS Short Code",
      "unit": "message",
      "rack_rate": 0.00974,
      "contract_rate": 0.005844,
      "discount_rate": 0.35,
      "price_after_discount": 0.006331,
      "ladder": {
        "tier_a": 0.35,
        "tier_b": 0.4,
        "tier_c": 0.44
      },
      "locked": false,
      "notes": "SMS Short Code negotiated unit for portfolio ladder at 35% discount."
    },
    {
      "sku_id": "SMSSC-025",
      "name": "SMS Short Code Tier 5",
      "category": "Messaging",
      "theme": "SMS Short Code",
      "unit": "message",
      "rack_rate": 0.00982,
      "contract_rate": 0.005892,
      "discount_rate": 0.35,
      "price_after_discount": 0.006383,
      "ladder": {
        "tier_a": 0.35,
        "tier_b": 0.4,
        "tier_c": 0.44
      },
      "locked": true,
      "notes": "SMS Short Code negotiated unit for portfolio ladder at 35% discount."
    },
    {
      "sku_id": "SMSSC-026",
      "name": "SMS Short Code Tier 6",
      "category": "Messaging",
      "theme": "SMS Short Code",
      "unit": "message",
      "rack_rate": 0.0099,
      "contract_rate": 0.00594,
      "discount_rate": 0.35,
      "price_after_discount": 0.006435,
      "ladder": {
        "tier_a": 0.35,
        "tier_b": 0.4,
        "tier_c": 0.44
      },
      "locked": false,
      "notes": "SMS Short Code negotiated unit for portfolio ladder at 35% discount."
    },
    {
      "sku_id": "SMSSC-027",
      "name": "SMS Short Code Tier 7",
      "category": "Messaging",
      "theme": "SMS Short Code",
      "unit": "message",
      "rack_rate": 0.00998,
      "contract_rate": 0.005988,
      "discount_rate": 0.35,
      "price_after_discount": 0.006487,
      "ladder": {
        "tier_a": 0.35,
        "tier_b": 0.4,
        "tier_c": 0.44
      },
      "locked": false,
      "notes": "SMS Short Code negotiated unit for portfolio ladder at 35% discount."
    },
    {
      "sku_id": "SMSSC-028",
      "name": "SMS Short Code Tier 8",
      "category": "Messaging",
      "theme": "SMS Short Code",
      "unit": "message",
      "rack_rate": 0.01006,
      "contract_rate": 0.006036,
      "discount_rate": 0.35,
      "price_after_discount": 0.006539,
      "ladder": {
        "tier_a": 0.35,
        "tier_b": 0.4,
        "tier_c": 0.44
      },
      "locked": false,
      "notes": "SMS Short Code negotiated unit for portfolio ladder at 35% discount."
    },
    {
      "sku_id": "SMSSC-029",
      "name": "SMS Short Code Tier 9",
      "category": "Messaging",
      "theme": "SMS Short Code",
      "unit": "message",
      "rack_rate": 0.01014,
      "contract_rate": 0.006084,
      "discount_rate": 0.35,
      "price_after_discount": 0.006591,
      "ladder": {
        "tier_a": 0.35,
        "tier_b": 0.4,
        "tier_c": 0.44
      },
      "locked": false,
      "notes": "SMS Short Code negotiated unit for portfolio ladder at 35% discount."
    },
    {
      "sku_id": "SMSSC-030",
      "name": "SMS Short Code Tier 10",
      "category": "Messaging",
      "theme": "SMS Short Code",
      "unit": "message",
      "rack_rate": 0.01022,
      "contract_rate": 0.006132,
      "discount_rate": 0.35,
      "price_after_discount": 0.006643,
      "ladder": {
        "tier_a": 0.35,
        "tier_b": 0.4,
        "tier_c": 0.44
      },
      "locked": true,
      "notes": "SMS Short Code negotiated unit for portfolio ladder at 35% discount."
    },
    {
      "sku_id": "MMS-031",
      "name": "MMS Tier 1",
      "category": "Messaging",
      "theme": "MMS",
      "unit": "message",
      "rack_rate": 0.015,
      "contract_rate": 0.01005,
      "discount_rate": 0.3,
      "price_after_discount": 0.0105,
      "ladder": {
        "tier_a": 0.3,
        "tier_b": 0.35,
        "tier_c": 0.39
      },
      "locked": false,
      "notes": "MMS negotiated unit for portfolio ladder at 30% discount."
    },
    {
      "sku_id": "MMS-032",
      "name": "MMS Tier 2",
      "category": "Messaging",
      "theme": "MMS",
      "unit": "message",
      "rack_rate": 0.01512,
      "contract_rate": 0.01013,
      "discount_rate": 0.3,
      "price_after_discount": 0.010584,
      "ladder": {
        "tier_a": 0.3,
        "tier_b": 0.35,
        "tier_c": 0.39
      },
      "locked": false,
      "notes": "MMS negotiated unit for portfolio ladder at 30% discount."
    },
    {
      "sku_id": "MMS-033",
      "name": "MMS Tier 3",
      "category": "Messaging",
      "theme": "MMS",
      "unit": "message",
      "rack_rate": 0.01524,
      "contract_rate": 0.010211,
      "discount_rate": 0.3,
      "price_after_discount": 0.010668,
      "ladder": {
        "tier_a": 0.3,
        "tier_b": 0.35,
        "tier_c": 0.39
      },
      "locked": false,
      "notes": "MMS negotiated unit for portfolio ladder at 30% discount."
    },
    {
      "sku_id": "MMS-034",
      "name": "MMS Tier 4",
      "category": "Messaging",
      "theme": "MMS",
      "unit": "message",
      "rack_rate": 0.01536,
      "contract_rate": 0.010291,
      "discount_rate": 0.3,
      "price_after_discount": 0.010752,
      "ladder": {
        "tier_a": 0.3,
        "tier_b": 0.35,
        "tier_c": 0.39
      },
      "locked": false,
      "notes": "MMS negotiated unit for portfolio ladder at 30% discount."
    },
    {
      "sku_id": "MMS-035",
      "name": "MMS Tier 5",
      "category": "Messaging",
      "theme": "MMS",
      "unit": "message",
      "rack_rate": 0.01548,
      "contract_rate": 0.010372,
      "discount_rate": 0.3,
      "price_after_discount": 0.010836,
      "ladder": {
        "tier_a": 0.3,
        "tier_b": 0.35,
        "tier_c": 0.39
      },
      "locked": true,
      "notes": "MMS negotiated unit for portfolio ladder at 30% discount."
    },
    {
      "sku_id": "MMS-036",
      "name": "MMS Tier 6",
      "category": "Messaging",
      "theme": "MMS",
      "unit": "message",
      "rack_rate": 0.0156,
      "contract_rate": 0.010452,
      "discount_rate": 0.3,
      "price_after_discount": 0.01092,
      "ladder": {
        "tier_a": 0.3,
        "tier_b": 0.35,
        "tier_c": 0.39
      },
      "locked": false,
      "notes": "MMS negotiated unit for portfolio ladder at 30% discount."
    },
    {
      "sku_id": "MMS-037",
      "name": "MMS Tier 7",
      "category": "Messaging",
      "theme": "MMS",
      "unit": "message",
      "rack_rate": 0.01572,
      "contract_rate": 0.010532,
      "discount_rate": 0.3,
      "price_after_discount": 0.011004,
      "ladder": {
        "tier_a": 0.3,
        "tier_b": 0.35,
        "tier_c": 0.39
      },
      "locked": false,
      "notes": "MMS negotiated unit for portfolio ladder at 30% discount."
    },
    {
      "sku_id": "MMS-038",
      "name": "MMS Tier 8",
      "category": "Messaging",
      "theme": "MMS",
      "unit": "message",
      "rack_rate": 0.01584,
      "contract_rate": 0.010613,
      "discount_rate": 0.3,
      "price_after_discount": 0.011088,
      "ladder": {
        "tier_a": 0.3,
        "tier_b": 0.35,
        "tier_c": 0.39
      },
      "locked": false,
      "notes": "MMS negotiated unit for portfolio ladder at 30% discount."
    },
    {
      "sku_id": "MMS-039",
      "name": "MMS Tier 9",
      "category": "Messaging",
      "theme": "MMS",
      "unit": "message",
      "rack_rate": 0.01596,
      "contract_rate": 0.010693,
      "discount_rate": 0.3,
      "price_after_discount": 0.011172,
      "ladder": {
        "tier_a": 0.3,
        "tier_b": 0.35,
        "tier_c": 0.39
      },
      "locked": false,
      "notes": "MMS negotiated unit for portfolio ladder at 30% discount."
    },
    {
      "sku_id": "MMS-040",
      "name": "MMS Tier 10",
      "category": "Messaging",
      "theme": "MMS",
      "unit": "message",
      "rack_rate": 0.01608,
      "contract_rate": 0.010774,
      "discount_rate": 0.3,
      "price_after_discount": 0.011256,
      "ladder": {
        "tier_a": 0.3,
        "tier_b": 0.35,
        "tier_c": 0.39
      },
      "locked": true,
      "notes": "MMS negotiated unit for portfolio ladder at 30% discount."
    },
    {
      "sku_id": "RCS-041",
      "name": "RCS Tier 1",
      "category": "Messaging",
      "theme": "RCS",
      "unit": "session",
      "rack_rate": 0.035,
      "contract_rate": 0.0217,
      "discount_rate": 0.34,
      "price_after_discount": 0.0231,
      "ladder": {
        "tier_a": 0.34,
        "tier_b": 0.39,
        "tier_c": 0.43
      },
      "locked": false,
      "notes": "RCS negotiated unit for portfolio ladder at 34% discount."
    },
    {
      "sku_id": "RCS-042",
      "name": "RCS Tier 2",
      "category": "Messaging",
      "theme": "RCS",
      "unit": "session",
      "rack_rate": 0.0353,
      "contract_rate": 0.021886,
      "discount_rate": 0.34,
      "price_after_discount": 0.023298,
      "ladder": {
        "tier_a": 0.34,
        "tier_b": 0.39,
        "tier_c": 0.43
      },
      "locked": false,
      "notes": "RCS negotiated unit for portfolio ladder at 34% discount."
    },
    {
      "sku_id": "RCS-043",
      "name": "RCS Tier 3",
      "category": "Messaging",
      "theme": "RCS",
      "unit": "session",
      "rack_rate": 0.0356,
      "contract_rate": 0.022072,
      "discount_rate": 0.34,
      "price_after_discount": 0.023496,
      "ladder": {
        "tier_a": 0.34,
        "tier_b": 0.39,
        "tier_c": 0.43
      },
      "locked": false,
      "notes": "RCS negotiated unit for portfolio ladder at 34% discount."
    },
    {
      "sku_id": "RCS-044",
      "name": "RCS Tier 4",
      "category": "Messaging",
      "theme": "RCS",
      "unit": "session",
      "rack_rate": 0.0359,
      "contract_rate": 0.022258,
      "discount_rate": 0.34,
      "price_after_discount": 0.023694,
      "ladder": {
        "tier_a": 0.34,
        "tier_b": 0.39,
        "tier_c": 0.43
      },
      "locked": false,
      "notes": "RCS negotiated unit for portfolio ladder at 34% discount."
    },
    {
      "sku_id": "RCS-045",
      "name": "RCS Tier 5",
      "category": "Messaging",
      "theme": "RCS",
      "unit": "session",
      "rack_rate": 0.0362,
      "contract_rate": 0.022444,
      "discount_rate": 0.34,
      "price_after_discount": 0.023892,
      "ladder": {
        "tier_a": 0.34,
        "tier_b": 0.39,
        "tier_c": 0.43
      },
      "locked": false,
      "notes": "RCS negotiated unit for portfolio ladder at 34% discount."
    },
    {
      "sku_id": "RCS-046",
      "name": "RCS Tier 6",
      "category": "Messaging",
      "theme": "RCS",
      "unit": "session",
      "rack_rate": 0.0365,
      "contract_rate": 0.02263,
      "discount_rate": 0.34,
      "price_after_discount": 0.02409,
      "ladder": {
        "tier_a": 0.34,
        "tier_b": 0.39,
        "tier_c": 0.43
      },
      "locked": false,
      "notes": "RCS negotiated unit for portfolio ladder at 34% discount."
    },
    {
      "sku_id": "RCS-047",
      "name": "RCS Tier 7",
      "category": "Messaging",
      "theme": "RCS",
      "unit": "session",
      "rack_rate": 0.0368,
      "contract_rate": 0.022816,
      "discount_rate": 0.34,
      "price_after_discount": 0.024288,
      "ladder": {
        "tier_a": 0.34,
        "tier_b": 0.39,
        "tier_c": 0.43
      },
      "locked": false,
      "notes": "RCS negotiated unit for portfolio ladder at 34% discount."
    },
    {
      "sku_id": "RCS-048",
      "name": "RCS Tier 8",
      "category": "Messaging",
      "theme": "RCS",
      "unit": "session",
      "rack_rate": 0.0371,
      "contract_rate": 0.023002,
      "discount_rate": 0.34,
      "price_after_discount": 0.024486,
      "ladder": {
        "tier_a": 0.34,
        "tier_b": 0.39,
        "tier_c": 0.43
      },
      "locked": false,
      "notes": "RCS negotiated unit for portfolio ladder at 34% discount."
    },
    {
      "sku_id": "RCS-049",
      "name": "RCS Tier 9",
      "category": "Messaging",
      "theme": "RCS",
      "unit": "session",
      "rack_rate": 0.0374,
      "contract_rate": 0.023188,
      "discount_rate": 0.34,
      "price_after_discount": 0.024684,
      "ladder": {
        "tier_a": 0.34,
        "tier_b": 0.39,
        "tier_c": 0.43
      },
      "locked": false,
      "notes": "RCS negotiated unit for portfolio ladder at 34% discount."
    },
    {
      "sku_id": "RCS-050",
      "name": "RCS Tier 10",
      "category": "Messaging",
      "theme": "RCS",
      "unit": "session",
      "rack_rate": 0.0377,
      "contract_rate": 0.023374,
      "discount_rate": 0.34,
      "price_after_discount": 0.024882,
      "ladder": {
        "tier_a": 0.34,
        "tier_b": 0.39,
        "tier_c": 0.43
      },
      "locked": false,
      "notes": "RCS negotiated unit for portfolio ladder at 34% discount."
    },
    {
      "sku_id": "WA-051",
      "name": "WhatsApp Tier 1",
      "category": "Messaging",
      "theme": "WhatsApp",
      "unit": "conversation",
      "rack_rate": 0.043,
      "contract_rate": 0.02967,
      "discount_rate": 0.29,
      "price_after_discount": 0.03053,
      "ladder": {
        "tier_a": 0.29,
        "tier_b": 0.34,
        "tier_c": 0.38
      },
      "locked": false,
      "notes": "WhatsApp negotiated unit for portfolio ladder at 29% discount."
    },
    {
      "sku_id": "WA-052",
      "name": "WhatsApp Tier 2",
      "category": "Messaging",
      "theme": "WhatsApp",
      "unit": "conversation",
      "rack_rate": 0.04335,
      "contract_rate": 0.029912,
      "discount_rate": 0.29,
      "price_after_discount": 0.030779,
      "ladder": {
        "tier_a": 0.29,
        "tier_b": 0.34,
        "tier_c": 0.38
      },
      "locked": false,
      "notes": "WhatsApp negotiated unit for portfolio ladder at 29% discount."
    },
    {
      "sku_id": "WA-053",
      "name": "WhatsApp Tier 3",
      "category": "Messaging",
      "theme": "WhatsApp",
      "unit": "conversation",
      "rack_rate": 0.0437,
      "contract_rate": 0.030153,
      "discount_rate": 0.29,
      "price_after_discount": 0.031027,
      "ladder": {
        "tier_a": 0.29,
        "tier_b": 0.34,
        "tier_c": 0.38
      },
      "locked": false,
      "notes": "WhatsApp negotiated unit for portfolio ladder at 29% discount."
    },
    {
      "sku_id": "WA-054",
      "name": "WhatsApp Tier 4",
      "category": "Messaging",
      "theme": "WhatsApp",
      "unit": "conversation",
      "rack_rate": 0.04405,
      "contract_rate": 0.030395,
      "discount_rate": 0.29,
      "price_after_discount": 0.031276,
      "ladder": {
        "tier_a": 0.29,
        "tier_b": 0.34,
        "tier_c": 0.38
      },
      "locked": false,
      "notes": "WhatsApp negotiated unit for portfolio ladder at 29% discount."
    },
    {
      "sku_id": "WA-055",
      "name": "WhatsApp Tier 5",
      "category": "Messaging",
      "theme": "WhatsApp",
      "unit": "conversation",
      "rack_rate": 0.0444,
      "contract_rate": 0.030636,
      "discount_rate": 0.29,
      "price_after_discount": 0.031524,
      "ladder": {
        "tier_a": 0.29,
        "tier_b": 0.34,
        "tier_c": 0.38
      },
      "locked": false,
      "notes": "WhatsApp negotiated unit for portfolio ladder at 29% discount."
    },
    {
      "sku_id": "WA-056",
      "name": "WhatsApp Tier 6",
      "category": "Messaging",
      "theme": "WhatsApp",
      "unit": "conversation",
      "rack_rate": 0.04475,
      "contract_rate": 0.030878,
      "discount_rate": 0.29,
      "price_after_discount": 0.031773,
      "ladder": {
        "tier_a": 0.29,
        "tier_b": 0.34,
        "tier_c": 0.38
      },
      "locked": false,
      "notes": "WhatsApp negotiated unit for portfolio ladder at 29% discount."
    },
    {
      "sku_id": "WA-057",
      "name": "WhatsApp Tier 7",
      "category": "Messaging",
      "theme": "WhatsApp",
      "unit": "conversation",
      "rack_rate": 0.0451,
      "contract_rate": 0.031119,
      "discount_rate": 0.29,
      "price_after_discount": 0.032021,
      "ladder": {
        "tier_a": 0.29,
        "tier_b": 0.34,
        "tier_c": 0.38
      },
      "locked": false,
      "notes": "WhatsApp negotiated unit for portfolio ladder at 29% discount."
    },
    {
      "sku_id": "WA-058",
      "name": "WhatsApp Tier 8",
      "category": "Messaging",
      "theme": "WhatsApp",
      "unit": "conversation",
      "rack_rate": 0.04545,
      "contract_rate": 0.031361,
      "discount_rate": 0.29,
      "price_after_discount": 0.03227,
      "ladder": {
        "tier_a": 0.29,
        "tier_b": 0.34,
        "tier_c": 0.38
      },
      "locked": false,
      "notes": "WhatsApp negotiated unit for portfolio ladder at 29% discount."
    },
    {
      "sku_id": "WA-059",
      "name": "WhatsApp Tier 9",
      "category": "Messaging",
      "theme": "WhatsApp",
      "unit": "conversation",
      "rack_rate": 0.0458,
      "contract_rate": 0.031602,
      "discount_rate": 0.29,
      "price_after_discount": 0.032518,
      "ladder": {
        "tier_a": 0.29,
        "tier_b": 0.34,
        "tier_c": 0.38
      },
      "locked": false,
      "notes": "WhatsApp negotiated unit for portfolio ladder at 29% discount."
    },
    {
      "sku_id": "WA-060",
      "name": "WhatsApp Tier 10",
      "category": "Messaging",
      "theme": "WhatsApp",
      "unit": "conversation",
      "rack_rate": 0.04615,
      "contract_rate": 0.031844,
      "discount_rate": 0.29,
      "price_after_discount": 0.032767,
      "ladder": {
        "tier_a": 0.29,
        "tier_b": 0.34,
        "tier_c": 0.38
      },
      "locked": false,
      "notes": "WhatsApp negotiated unit for portfolio ladder at 29% discount."
    },
    {
      "sku_id": "VOIPSTN-061",
      "name": "PSTN Outbound Tier 1",
      "category": "Voice",
      "theme": "PSTN Outbound",
      "unit": "minute",
      "rack_rate": 0.018,
      "contract_rate": 0.01134,
      "discount_rate": 0.33,
      "price_after_discount": 0.01206,
      "ladder": {
        "tier_a": 0.33,
        "tier_b": 0.38,
        "tier_c": 0.42
      },
      "locked": false,
      "notes": "PSTN Outbound negotiated unit for portfolio ladder at 33% discount."
    },
    {
      "sku_id": "VOIPSTN-062",
      "name": "PSTN Outbound Tier 2",
      "category": "Voice",
      "theme": "PSTN Outbound",
      "unit": "minute",
      "rack_rate": 0.0181,
      "contract_rate": 0.011403,
      "discount_rate": 0.33,
      "price_after_discount": 0.012127,
      "ladder": {
        "tier_a": 0.33,
        "tier_b": 0.38,
        "tier_c": 0.42
      },
      "locked": false,
      "notes": "PSTN Outbound negotiated unit for portfolio ladder at 33% discount."
    },
    {
      "sku_id": "VOIPSTN-063",
      "name": "PSTN Outbound Tier 3",
      "category": "Voice",
      "theme": "PSTN Outbound",
      "unit": "minute",
      "rack_rate": 0.0182,
      "contract_rate": 0.011466,
      "discount_rate": 0.33,
      "price_after_discount": 0.012194,
      "ladder": {
        "tier_a": 0.33,
        "tier_b": 0.38,
        "tier_c": 0.42
      },
      "locked": false,
      "notes": "PSTN Outbound negotiated unit for portfolio ladder at 33% discount."
    },
    {
      "sku_id": "VOIPSTN-064",
      "name": "PSTN Outbound Tier 4",
      "category": "Voice",
      "theme": "PSTN Outbound",
      "unit": "minute",
      "rack_rate": 0.0183,
      "contract_rate": 0.011529,
      "discount_rate": 0.33,
      "price_after_discount": 0.012261,
      "ladder": {
        "tier_a": 0.33,
        "tier_b": 0.38,
        "tier_c": 0.42
      },
      "locked": false,
      "notes": "PSTN Outbound negotiated unit for portfolio ladder at 33% discount."
    },
    {
      "sku_id": "VOIPSTN-065",
      "name": "PSTN Outbound Tier 5",
      "category": "Voice",
      "theme": "PSTN Outbound",
      "unit": "minute",
      "rack_rate": 0.0184,
      "contract_rate": 0.011592,
      "discount_rate": 0.33,
      "price_after_discount": 0.012328,
      "ladder": {
        "tier_a": 0.33,
        "tier_b": 0.38,
        "tier_c": 0.42
      },
      "locked": false,
      "notes": "PSTN Outbound negotiated unit for portfolio ladder at 33% discount."
    },
    {
      "sku_id": "VOIPSTN-066",
      "name": "PSTN Outbound Tier 6",
      "category": "Voice",
      "theme": "PSTN Outbound",
      "unit": "minute",
      "rack_rate": 0.0185,
      "contract_rate": 0.011655,
      "discount_rate": 0.33,
      "price_after_discount": 0.012395,
      "ladder": {
        "tier_a": 0.33,
        "tier_b": 0.38,
        "tier_c": 0.42
      },
      "locked": false,
      "notes": "PSTN Outbound negotiated unit for portfolio ladder at 33% discount."
    },
    {
      "sku_id": "VOIPSTN-067",
      "name": "PSTN Outbound Tier 7",
      "category": "Voice",
      "theme": "PSTN Outbound",
      "unit": "minute",
      "rack_rate": 0.0186,
      "contract_rate": 0.011718,
      "discount_rate": 0.33,
      "price_after_discount": 0.012462,
      "ladder": {
        "tier_a": 0.33,
        "tier_b": 0.38,
        "tier_c": 0.42
      },
      "locked": false,
      "notes": "PSTN Outbound negotiated unit for portfolio ladder at 33% discount."
    },
    {
      "sku_id": "VOIPSTN-068",
      "name": "PSTN Outbound Tier 8",
      "category": "Voice",
      "theme": "PSTN Outbound",
      "unit": "minute",
      "rack_rate": 0.0187,
      "contract_rate": 0.011781,
      "discount_rate": 0.33,
      "price_after_discount": 0.012529,
      "ladder": {
        "tier_a": 0.33,
        "tier_b": 0.38,
        "tier_c": 0.42
      },
      "locked": false,
      "notes": "PSTN Outbound negotiated unit for portfolio ladder at 33% discount."
    },
    {
      "sku_id": "VOIPSTN-069",
      "name": "PSTN Outbound Tier 9",
      "category": "Voice",
      "theme": "PSTN Outbound",
      "unit": "minute",
      "rack_rate": 0.0188,
      "contract_rate": 0.011844,
      "discount_rate": 0.33,
      "price_after_discount": 0.012596,
      "ladder": {
        "tier_a": 0.33,
        "tier_b": 0.38,
        "tier_c": 0.42
      },
      "locked": false,
      "notes": "PSTN Outbound negotiated unit for portfolio ladder at 33% discount."
    },
    {
      "sku_id": "VOIPSTN-070",
      "name": "PSTN Outbound Tier 10",
      "category": "Voice",
      "theme": "PSTN Outbound",
      "unit": "minute",
      "rack_rate": 0.0189,
      "contract_rate": 0.011907,
      "discount_rate": 0.33,
      "price_after_discount": 0.012663,
      "ladder": {
        "tier_a": 0.33,
        "tier_b": 0.38,
        "tier_c": 0.42
      },
      "locked": false,
      "notes": "PSTN Outbound negotiated unit for portfolio ladder at 33% discount."
    },
    {
      "sku_id": "VOISIP-071",
      "name": "Elastic SIP Tier 1",
      "category": "Voice",
      "theme": "Elastic SIP",
      "unit": "minute",
      "rack_rate": 0.014,
      "contract_rate": 0.0091,
      "discount_rate": 0.31,
      "price_after_discount": 0.00966,
      "ladder": {
        "tier_a": 0.31,
        "tier_b": 0.36,
        "tier_c": 0.4
      },
      "locked": false,
      "notes": "Elastic SIP negotiated unit for portfolio ladder at 31% discount."
    },
    {
      "sku_id": "VOISIP-072",
      "name": "Elastic SIP Tier 2",
      "category": "Voice",
      "theme": "Elastic SIP",
      "unit": "minute",
      "rack_rate": 0.01408,
      "contract_rate": 0.009152,
      "discount_rate": 0.31,
      "price_after_discount": 0.009715,
      "ladder": {
        "tier_a": 0.31,
        "tier_b": 0.36,
        "tier_c": 0.4
      },
      "locked": false,
      "notes": "Elastic SIP negotiated unit for portfolio ladder at 31% discount."
    },
    {
      "sku_id": "VOISIP-073",
      "name": "Elastic SIP Tier 3",
      "category": "Voice",
      "theme": "Elastic SIP",
      "unit": "minute",
      "rack_rate": 0.01416,
      "contract_rate": 0.009204,
      "discount_rate": 0.31,
      "price_after_discount": 0.00977,
      "ladder": {
        "tier_a": 0.31,
        "tier_b": 0.36,
        "tier_c": 0.4
      },
      "locked": false,
      "notes": "Elastic SIP negotiated unit for portfolio ladder at 31% discount."
    },
    {
      "sku_id": "VOISIP-074",
      "name": "Elastic SIP Tier 4",
      "category": "Voice",
      "theme": "Elastic SIP",
      "unit": "minute",
      "rack_rate": 0.01424,
      "contract_rate": 0.009256,
      "discount_rate": 0.31,
      "price_after_discount": 0.009826,
      "ladder": {
        "tier_a": 0.31,
        "tier_b": 0.36,
        "tier_c": 0.4
      },
      "locked": false,
      "notes": "Elastic SIP negotiated unit for portfolio ladder at 31% discount."
    },
    {
      "sku_id": "VOISIP-075",
      "name": "Elastic SIP Tier 5",
      "category": "Voice",
      "theme": "Elastic SIP",
      "unit": "minute",
      "rack_rate": 0.01432,
      "contract_rate": 0.009308,
      "discount_rate": 0.31,
      "price_after_discount": 0.009881,
      "ladder": {
        "tier_a": 0.31,
        "tier_b": 0.36,
        "tier_c": 0.4
      },
      "locked": false,
      "notes": "Elastic SIP negotiated unit for portfolio ladder at 31% discount."
    },
    {
      "sku_id": "VOISIP-076",
      "name": "Elastic SIP Tier 6",
      "category": "Voice",
      "theme": "Elastic SIP",
      "unit": "minute",
      "rack_rate": 0.0144,
      "contract_rate": 0.00936,
      "discount_rate": 0.31,
      "price_after_discount": 0.009936,
      "ladder": {
        "tier_a": 0.31,
        "tier_b": 0.36,
        "tier_c": 0.4
      },
      "locked": false,
      "notes": "Elastic SIP negotiated unit for portfolio ladder at 31% discount."
    },
    {
      "sku_id": "VOISIP-077",
      "name": "Elastic SIP Tier 7",
      "category": "Voice",
      "theme": "Elastic SIP",
      "unit": "minute",
      "rack_rate": 0.01448,
      "contract_rate": 0.009412,
      "discount_rate": 0.31,
      "price_after_discount": 0.009991,
      "ladder": {
        "tier_a": 0.31,
        "tier_b": 0.36,
        "tier_c": 0.4
      },
      "locked": false,
      "notes": "Elastic SIP negotiated unit for portfolio ladder at 31% discount."
    },
    {
      "sku_id": "VOISIP-078",
      "name": "Elastic SIP Tier 8",
      "category": "Voice",
      "theme": "Elastic SIP",
      "unit": "minute",
      "rack_rate": 0.01456,
      "contract_rate": 0.009464,
      "discount_rate": 0.31,
      "price_after_discount": 0.010046,
      "ladder": {
        "tier_a": 0.31,
        "tier_b": 0.36,
        "tier_c": 0.4
      },
      "locked": false,
      "notes": "Elastic SIP negotiated unit for portfolio ladder at 31% discount."
    },
    {
      "sku_id": "VOISIP-079",
      "name": "Elastic SIP Tier 9",
      "category": "Voice",
      "theme": "Elastic SIP",
      "unit": "minute",
      "rack_rate": 0.01464,
      "contract_rate": 0.009516,
      "discount_rate": 0.31,
      "price_after_discount": 0.010102,
      "ladder": {
        "tier_a": 0.31,
        "tier_b": 0.36,
        "tier_c": 0.4
      },
      "locked": false,
      "notes": "Elastic SIP negotiated unit for portfolio ladder at 31% discount."
    },
    {
      "sku_id": "VOISIP-080",
      "name": "Elastic SIP Tier 10",
      "category": "Voice",
      "theme": "Elastic SIP",
      "unit": "minute",
      "rack_rate": 0.01472,
      "contract_rate": 0.009568,
      "discount_rate": 0.31,
      "price_after_discount": 0.010157,
      "ladder": {
        "tier_a": 0.31,
        "tier_b": 0.36,
        "tier_c": 0.4
      },
      "locked": false,
      "notes": "Elastic SIP negotiated unit for portfolio ladder at 31% discount."
    },
    {
      "sku_id": "VERIFY-081",
      "name": "Verify Tier 1",
      "category": "Trust & Safety",
      "theme": "Verify",
      "unit": "verification",
      "rack_rate": 0.045,
      "contract_rate": 0.0315,
      "discount_rate": 0.27,
      "price_after_discount": 0.03285,
      "ladder": {
        "tier_a": 0.27,
        "tier_b": 0.32,
        "tier_c": 0.36
      },
      "locked": false,
      "notes": "Verify negotiated unit for portfolio ladder at 27% discount."
    },
    {
      "sku_id": "VERIFY-082",
      "name": "Verify Tier 2",
      "category": "Trust & Safety",
      "theme": "Verify",
      "unit": "verification",
      "rack_rate": 0.0454,
      "contract_rate": 0.03178,
      "discount_rate": 0.27,
      "price_after_discount": 0.033142,
      "ladder": {
        "tier_a": 0.27,
        "tier_b": 0.32,
        "tier_c": 0.36
      },
      "locked": false,
      "notes": "Verify negotiated unit for portfolio ladder at 27% discount."
    },
    {
      "sku_id": "VERIFY-083",
      "name": "Verify Tier 3",
      "category": "Trust & Safety",
      "theme": "Verify",
      "unit": "verification",
      "rack_rate": 0.0458,
      "contract_rate": 0.03206,
      "discount_rate": 0.27,
      "price_after_discount": 0.033434,
      "ladder": {
        "tier_a": 0.27,
        "tier_b": 0.32,
        "tier_c": 0.36
      },
      "locked": false,
      "notes": "Verify negotiated unit for portfolio ladder at 27% discount."
    },
    {
      "sku_id": "VERIFY-084",
      "name": "Verify Tier 4",
      "category": "Trust & Safety",
      "theme": "Verify",
      "unit": "verification",
      "rack_rate": 0.0462,
      "contract_rate": 0.03234,
      "discount_rate": 0.27,
      "price_after_discount": 0.033726,
      "ladder": {
        "tier_a": 0.27,
        "tier_b": 0.32,
        "tier_c": 0.36
      },
      "locked": false,
      "notes": "Verify negotiated unit for portfolio ladder at 27% discount."
    },
    {
      "sku_id": "VERIFY-085",
      "name": "Verify Tier 5",
      "category": "Trust & Safety",
      "theme": "Verify",
      "unit": "verification",
      "rack_rate": 0.0466,
      "contract_rate": 0.03262,
      "discount_rate": 0.27,
      "price_after_discount": 0.034018,
      "ladder": {
        "tier_a": 0.27,
        "tier_b": 0.32,
        "tier_c": 0.36
      },
      "locked": false,
      "notes": "Verify negotiated unit for portfolio ladder at 27% discount."
    },
    {
      "sku_id": "VERIFY-086",
      "name": "Verify Tier 6",
      "category": "Trust & Safety",
      "theme": "Verify",
      "unit": "verification",
      "rack_rate": 0.047,
      "contract_rate": 0.0329,
      "discount_rate": 0.27,
      "price_after_discount": 0.03431,
      "ladder": {
        "tier_a": 0.27,
        "tier_b": 0.32,
        "tier_c": 0.36
      },
      "locked": false,
      "notes": "Verify negotiated unit for portfolio ladder at 27% discount."
    },
    {
      "sku_id": "VERIFY-087",
      "name": "Verify Tier 7",
      "category": "Trust & Safety",
      "theme": "Verify",
      "unit": "verification",
      "rack_rate": 0.0474,
      "contract_rate": 0.03318,
      "discount_rate": 0.27,
      "price_after_discount": 0.034602,
      "ladder": {
        "tier_a": 0.27,
        "tier_b": 0.32,
        "tier_c": 0.36
      },
      "locked": false,
      "notes": "Verify negotiated unit for portfolio ladder at 27% discount."
    },
    {
      "sku_id": "VERIFY-088",
      "name": "Verify Tier 8",
      "category": "Trust & Safety",
      "theme": "Verify",
      "unit": "verification",
      "rack_rate": 0.0478,
      "contract_rate": 0.03346,
      "discount_rate": 0.27,
      "price_after_discount": 0.034894,
      "ladder": {
        "tier_a": 0.27,
        "tier_b": 0.32,
        "tier_c": 0.36
      },
      "locked": false,
      "notes": "Verify negotiated unit for portfolio ladder at 27% discount."
    },
    {
      "sku_id": "VERIFY-089",
      "name": "Verify Tier 9",
      "category": "Trust & Safety",
      "theme": "Verify",
      "unit": "verification",
      "rack_rate": 0.0482,
      "contract_rate": 0.03374,
      "discount_rate": 0.27,
      "price_after_discount": 0.035186,
      "ladder": {
        "tier_a": 0.27,
        "tier_b": 0.32,
        "tier_c": 0.36
      },
      "locked": false,
      "notes": "Verify negotiated unit for portfolio ladder at 27% discount."
    },
    {
      "sku_id": "VERIFY-090",
      "name": "Verify Tier 10",
      "category": "Trust & Safety",
      "theme": "Verify",
      "unit": "verification",
      "rack_rate": 0.0486,
      "contract_rate": 0.03402,
      "discount_rate": 0.27,
      "price_after_discount": 0.035478,
      "ladder": {
        "tier_a": 0.27,
        "tier_b": 0.32,
        "tier_c": 0.36
      },
      "locked": false,
      "notes": "Verify negotiated unit for portfolio ladder at 27% discount."
    },
    {
      "sku_id": "SEG-091",
      "name": "Twilio Segment Tier 1",
      "category": "Data & AI",
      "theme": "Twilio Segment",
      "unit": "mtu",
      "rack_rate": 0.035,
      "contract_rate": 0.0252,
      "discount_rate": 0.26,
      "price_after_discount": 0.0259,
      "ladder": {
        "tier_a": 0.26,
        "tier_b": 0.31,
        "tier_c": 0.35
      },
      "locked": false,
      "notes": "Twilio Segment negotiated unit for portfolio ladder at 26% discount."
    },
    {
      "sku_id": "SEG-092",
      "name": "Twilio Segment Tier 2",
      "category": "Data & AI",
      "theme": "Twilio Segment",
      "unit": "mtu",
      "rack_rate": 0.03525,
      "contract_rate": 0.02538,
      "discount_rate": 0.26,
      "price_after_discount": 0.026085,
      "ladder": {
        "tier_a": 0.26,
        "tier_b": 0.31,
        "tier_c": 0.35
      },
      "locked": false,
      "notes": "Twilio Segment negotiated unit for portfolio ladder at 26% discount."
    },
    {
      "sku_id": "SEG-093",
      "name": "Twilio Segment Tier 3",
      "category": "Data & AI",
      "theme": "Twilio Segment",
      "unit": "mtu",
      "rack_rate": 0.0355,
      "contract_rate": 0.02556,
      "discount_rate": 0.26,
      "price_after_discount": 0.02627,
      "ladder": {
        "tier_a": 0.26,
        "tier_b": 0.31,
        "tier_c": 0.35
      },
      "locked": false,
      "notes": "Twilio Segment negotiated unit for portfolio ladder at 26% discount."
    },
    {
      "sku_id": "SEG-094",
      "name": "Twilio Segment Tier 4",
      "category": "Data & AI",
      "theme": "Twilio Segment",
      "unit": "mtu",
      "rack_rate": 0.03575,
      "contract_rate": 0.02574,
      "discount_rate": 0.26,
      "price_after_discount": 0.026455,
      "ladder": {
        "tier_a": 0.26,
        "tier_b": 0.31,
        "tier_c": 0.35
      },
      "locked": false,
      "notes": "Twilio Segment negotiated unit for portfolio ladder at 26% discount."
    },
    {
      "sku_id": "SEG-095",
      "name": "Twilio Segment Tier 5",
      "category": "Data & AI",
      "theme": "Twilio Segment",
      "unit": "mtu",
      "rack_rate": 0.036,
      "contract_rate": 0.02592,
      "discount_rate": 0.26,
      "price_after_discount": 0.02664,
      "ladder": {
        "tier_a": 0.26,
        "tier_b": 0.31,
        "tier_c": 0.35
      },
      "locked": false,
      "notes": "Twilio Segment negotiated unit for portfolio ladder at 26% discount."
    },
    {
      "sku_id": "SEG-096",
      "name": "Twilio Segment Tier 6",
      "category": "Data & AI",
      "theme": "Twilio Segment",
      "unit": "mtu",
      "rack_rate": 0.03625,
      "contract_rate": 0.0261,
      "discount_rate": 0.26,
      "price_after_discount": 0.026825,
      "ladder": {
        "tier_a": 0.26,
        "tier_b": 0.31,
        "tier_c": 0.35
      },
      "locked": false,
      "notes": "Twilio Segment negotiated unit for portfolio ladder at 26% discount."
    },
    {
      "sku_id": "SEG-097",
      "name": "Twilio Segment Tier 7",
      "category": "Data & AI",
      "theme": "Twilio Segment",
      "unit": "mtu",
      "rack_rate": 0.0365,
      "contract_rate": 0.02628,
      "discount_rate": 0.26,
      "price_after_discount": 0.02701,
      "ladder": {
        "tier_a": 0.26,
        "tier_b": 0.31,
        "tier_c": 0.35
      },
      "locked": false,
      "notes": "Twilio Segment negotiated unit for portfolio ladder at 26% discount."
    },
    {
      "sku_id": "SEG-098",
      "name": "Twilio Segment Tier 8",
      "category": "Data & AI",
      "theme": "Twilio Segment",
      "unit": "mtu",
      "rack_rate": 0.03675,
      "contract_rate": 0.02646,
      "discount_rate": 0.26,
      "price_after_discount": 0.027195,
      "ladder": {
        "tier_a": 0.26,
        "tier_b": 0.31,
        "tier_c": 0.35
      },
      "locked": false,
      "notes": "Twilio Segment negotiated unit for portfolio ladder at 26% discount."
    },
    {
      "sku_id": "SEG-099",
      "name": "Twilio Segment Tier 9",
      "category": "Data & AI",
      "theme": "Twilio Segment",
      "unit": "mtu",
      "rack_rate": 0.037,
      "contract_rate": 0.02664,
      "discount_rate": 0.26,
      "price_after_discount": 0.02738,
      "ladder": {
        "tier_a": 0.26,
        "tier_b": 0.31,
        "tier_c": 0.35
      },
      "locked": false,
      "notes": "Twilio Segment negotiated unit for portfolio ladder at 26% discount."
    },
    {
      "sku_id": "SEG-100",
      "name": "Twilio Segment Tier 10",
      "category": "Data & AI",
      "theme": "Twilio Segment",
      "unit": "mtu",
      "rack_rate": 0.03725,
      "contract_rate": 0.02682,
      "discount_rate": 0.26,
      "price_after_discount": 0.027565,
      "ladder": {
        "tier_a": 0.26,
        "tier_b": 0.31,
        "tier_c": 0.35
      },
      "locked": false,
      "notes": "Twilio Segment negotiated unit for portfolio ladder at 26% discount."
    },
    {
      "sku_id": "FLEX-101",
      "name": "Flex Seats Tier 1",
      "category": "Engagement",
      "theme": "Flex Seats",
      "unit": "agent",
      "rack_rate": 150.0,
      "contract_rate": 117.0,
      "discount_rate": 0.2,
      "price_after_discount": 120.0,
      "ladder": {
        "tier_a": 0.2,
        "tier_b": 0.25,
        "tier_c": 0.29
      },
      "locked": false,
      "notes": "Flex Seats negotiated unit for portfolio ladder at 20% discount."
    },
    {
      "sku_id": "FLEX-102",
      "name": "Flex Seats Tier 2",
      "category": "Engagement",
      "theme": "Flex Seats",
      "unit": "agent",
      "rack_rate": 151.6,
      "contract_rate": 118.248,
      "discount_rate": 0.2,
      "price_after_discount": 121.28,
      "ladder": {
        "tier_a": 0.2,
        "tier_b": 0.25,
        "tier_c": 0.29
      },
      "locked": false,
      "notes": "Flex Seats negotiated unit for portfolio ladder at 20% discount."
    },
    {
      "sku_id": "FLEX-103",
      "name": "Flex Seats Tier 3",
      "category": "Engagement",
      "theme": "Flex Seats",
      "unit": "agent",
      "rack_rate": 153.2,
      "contract_rate": 119.496,
      "discount_rate": 0.2,
      "price_after_discount": 122.56,
      "ladder": {
        "tier_a": 0.2,
        "tier_b": 0.25,
        "tier_c": 0.29
      },
      "locked": false,
      "notes": "Flex Seats negotiated unit for portfolio ladder at 20% discount."
    },
    {
      "sku_id": "FLEX-104",
      "name": "Flex Seats Tier 4",
      "category": "Engagement",
      "theme": "Flex Seats",
      "unit": "agent",
      "rack_rate": 154.8,
      "contract_rate": 120.744,
      "discount_rate": 0.2,
      "price_after_discount": 123.84,
      "ladder": {
        "tier_a": 0.2,
        "tier_b": 0.25,
        "tier_c": 0.29
      },
      "locked": false,
      "notes": "Flex Seats negotiated unit for portfolio ladder at 20% discount."
    },
    {
      "sku_id": "FLEX-105",
      "name": "Flex Seats Tier 5",
      "category": "Engagement",
      "theme": "Flex Seats",
      "unit": "agent",
      "rack_rate": 156.4,
      "contract_rate": 121.992,
      "discount_rate": 0.2,
      "price_after_discount": 125.12,
      "ladder": {
        "tier_a": 0.2,
        "tier_b": 0.25,
        "tier_c": 0.29
      },
      "locked": true,
      "notes": "Flex Seats negotiated unit for portfolio ladder at 20% discount."
    },
    {
      "sku_id": "FLEX-106",
      "name": "Flex Seats Tier 6",
      "category": "Engagement",
      "theme": "Flex Seats",
      "unit": "agent",
      "rack_rate": 158.0,
      "contract_rate": 123.24,
      "discount_rate": 0.2,
      "price_after_discount": 126.4,
      "ladder": {
        "tier_a": 0.2,
        "tier_b": 0.25,
        "tier_c": 0.29
      },
      "locked": false,
      "notes": "Flex Seats negotiated unit for portfolio ladder at 20% discount."
    },
    {
      "sku_id": "FLEX-107",
      "name": "Flex Seats Tier 7",
      "category": "Engagement",
      "theme": "Flex Seats",
      "unit": "agent",
      "rack_rate": 159.6,
      "contract_rate": 124.488,
      "discount_rate": 0.2,
      "price_after_discount": 127.68,
      "ladder": {
        "tier_a": 0.2,
        "tier_b": 0.25,
        "tier_c": 0.29
      },
      "locked": false,
      "notes": "Flex Seats negotiated unit for portfolio ladder at 20% discount."
    },
    {
      "sku_id": "FLEX-108",
      "name": "Flex Seats Tier 8",
      "category": "Engagement",
      "theme": "Flex Seats",
      "unit": "agent",
      "rack_rate": 161.2,
      "contract_rate": 125.736,
      "discount_rate": 0.2,
      "price_after_discount": 128.96,
      "ladder": {
        "tier_a": 0.2,
        "tier_b": 0.25,
        "tier_c": 0.29
      },
      "locked": false,
      "notes": "Flex Seats negotiated unit for portfolio ladder at 20% discount."
    },
    {
      "sku_id": "FLEX-109",
      "name": "Flex Seats Tier 9",
      "category": "Engagement",
      "theme": "Flex Seats",
      "unit": "agent",
      "rack_rate": 162.8,
      "contract_rate": 126.984,
      "discount_rate": 0.2,
      "price_after_discount": 130.24,
      "ladder": {
        "tier_a": 0.2,
        "tier_b": 0.25,
        "tier_c": 0.29
      },
      "locked": false,
      "notes": "Flex Seats negotiated unit for portfolio ladder at 20% discount."
    },
    {
      "sku_id": "FLEX-110",
      "name": "Flex Seats Tier 10",
      "category": "Engagement",
      "theme": "Flex Seats",
      "unit": "agent",
      "rack_rate": 164.4,
      "contract_rate": 128.232,
      "discount_rate": 0.2,
      "price_after_discount": 131.52,
      "ladder": {
        "tier_a": 0.2,
        "tier_b": 0.25,
        "tier_c": 0.29
      },
      "locked": true,
      "notes": "Flex Seats negotiated unit for portfolio ladder at 20% discount."
    },
    {
      "sku_id": "EMAIL-111",
      "name": "SendGrid Tier 1",
      "category": "Email",
      "theme": "SendGrid",
      "unit": "thousand-emails",
      "rack_rate": 1.12,
      "contract_rate": 0.84,
      "discount_rate": 0.22,
      "price_after_discount": 0.8736,
      "ladder": {
        "tier_a": 0.22,
        "tier_b": 0.27,
        "tier_c": 0.31
      },
      "locked": false,
      "notes": "SendGrid negotiated unit for portfolio ladder at 22% discount."
    },
    {
      "sku_id": "EMAIL-112",
      "name": "SendGrid Tier 2",
      "category": "Email",
      "theme": "SendGrid",
      "unit": "thousand-emails",
      "rack_rate": 1.128,
      "contract_rate": 0.846,
      "discount_rate": 0.22,
      "price_after_discount": 0.87984,
      "ladder": {
        "tier_a": 0.22,
        "tier_b": 0.27,
        "tier_c": 0.31
      },
      "locked": false,
      "notes": "SendGrid negotiated unit for portfolio ladder at 22% discount."
    },
    {
      "sku_id": "EMAIL-113",
      "name": "SendGrid Tier 3",
      "category": "Email",
      "theme": "SendGrid",
      "unit": "thousand-emails",
      "rack_rate": 1.136,
      "contract_rate": 0.852,
      "discount_rate": 0.22,
      "price_after_discount": 0.88608,
      "ladder": {
        "tier_a": 0.22,
        "tier_b": 0.27,
        "tier_c": 0.31
      },
      "locked": false,
      "notes": "SendGrid negotiated unit for portfolio ladder at 22% discount."
    },
    {
      "sku_id": "EMAIL-114",
      "name": "SendGrid Tier 4",
      "category": "Email",
      "theme": "SendGrid",
      "unit": "thousand-emails",
      "rack_rate": 1.144,
      "contract_rate": 0.858,
      "discount_rate": 0.22,
      "price_after_discount": 0.89232,
      "ladder": {
        "tier_a": 0.22,
        "tier_b": 0.27,
        "tier_c": 0.31
      },
      "locked": false,
      "notes": "SendGrid negotiated unit for portfolio ladder at 22% discount."
    },
    {
      "sku_id": "EMAIL-115",
      "name": "SendGrid Tier 5",
      "category": "Email",
      "theme": "SendGrid",
      "unit": "thousand-emails",
      "rack_rate": 1.152,
      "contract_rate": 0.864,
      "discount_rate": 0.22,
      "price_after_discount": 0.89856,
      "ladder": {
        "tier_a": 0.22,
        "tier_b": 0.27,
        "tier_c": 0.31
      },
      "locked": false,
      "notes": "SendGrid negotiated unit for portfolio ladder at 22% discount."
    },
    {
      "sku_id": "EMAIL-116",
      "name": "SendGrid Tier 6",
      "category": "Email",
      "theme": "SendGrid",
      "unit": "thousand-emails",
      "rack_rate": 1.16,
      "contract_rate": 0.87,
      "discount_rate": 0.22,
      "price_after_discount": 0.9048,
      "ladder": {
        "tier_a": 0.22,
        "tier_b": 0.27,
        "tier_c": 0.31
      },
      "locked": false,
      "notes": "SendGrid negotiated unit for portfolio ladder at 22% discount."
    },
    {
      "sku_id": "EMAIL-117",
      "name": "SendGrid Tier 7",
      "category": "Email",
      "theme": "SendGrid",
      "unit": "thousand-emails",
      "rack_rate": 1.168,
      "contract_rate": 0.876,
      "discount_rate": 0.22,
      "price_after_discount": 0.91104,
      "ladder": {
        "tier_a": 0.22,
        "tier_b": 0.27,
        "tier_c": 0.31
      },
      "locked": false,
      "notes": "SendGrid negotiated unit for portfolio ladder at 22% discount."
    },
    {
      "sku_id": "EMAIL-118",
      "name": "SendGrid Tier 8",
      "category": "Email",
      "theme": "SendGrid",
      "unit": "thousand-emails",
      "rack_rate": 1.176,
      "contract_rate": 0.882,
      "discount_rate": 0.22,
      "price_after_discount": 0.91728,
      "ladder": {
        "tier_a": 0.22,
        "tier_b": 0.27,
        "tier_c": 0.31
      },
      "locked": false,
      "notes": "SendGrid negotiated unit for portfolio ladder at 22% discount."
    },
    {
      "sku_id": "EMAIL-119",
      "name": "SendGrid Tier 9",
      "category": "Email",
      "theme": "SendGrid",
      "unit": "thousand-emails",
      "rack_rate": 1.184,
      "contract_rate": 0.888,
      "discount_rate": 0.22,
      "price_after_discount": 0.92352,
      "ladder": {
        "tier_a": 0.22,
        "tier_b": 0.27,
        "tier_c": 0.31
      },
      "locked": false,
      "notes": "SendGrid negotiated unit for portfolio ladder at 22% discount."
    },
    {
      "sku_id": "EMAIL-120",
      "name": "SendGrid Tier 10",
      "category": "Email",
      "theme": "SendGrid",
      "unit": "thousand-emails",
      "rack_rate": 1.192,
      "contract_rate": 0.894,
      "discount_rate": 0.22,
      "price_after_discount": 0.92976,
      "ladder": {
        "tier_a": 0.22,
        "tier_b": 0.27,
        "tier_c": 0.31
      },
      "locked": false,
      "notes": "SendGrid negotiated unit for portfolio ladder at 22% discount."
    }
  ]
}